{"cameraMode":{"drawMode":0,"name":"Shaded","section":"Shading Mode"},"sceneLighting":false,"audioPlay":false,"sceneViewState":{"showFog":false,"showMaterialUpdate":false,"showSkybox":false,"showFlares":false,"showImageEffects":false,"showParticleSystems":false},"in2DMode":false,"pivot":{"x":-6.613619804382324,"y":-1.3447866439819337,"z":-3.6415839195251467},"rotation":{"x":0.1949705183506012,"y":-0.5829153060913086,"z":0.14657491445541383,"w":0.7755553126335144},"size":6.245238780975342,"orthographic":false}