{"cameraMode":{"drawMode":0,"name":"Shaded","section":"Shading Mode"},"sceneLighting":false,"audioPlay":false,"sceneViewState":{"showFog":false,"showMaterialUpdate":false,"showSkybox":false,"showFlares":false,"showImageEffects":false,"showParticleSystems":false},"in2DMode":false,"pivot":{"x":1.553776741027832,"y":-0.48692309856414797,"z":-1.7205746173858643},"rotation":{"x":0.15679579973220826,"y":0.3195715546607971,"z":-0.05369951203465462,"w":0.9329820871353149},"size":6.245238780975342,"orthographic":false}