{"cameraMode":{"drawMode":0,"name":"Shaded","section":"Shading Mode"},"sceneLighting":false,"audioPlay":false,"sceneViewState":{"showFog":false,"showMaterialUpdate":false,"showSkybox":false,"showFlares":false,"showImageEffects":false,"showParticleSystems":false},"in2DMode":false,"pivot":{"x":-12.337846755981446,"y":-1.938401222229004,"z":-3.8506271839141847},"rotation":{"x":0.3117785155773163,"y":-0.523874044418335,"z":0.2134929597377777,"w":0.7639885544776917},"size":8.012701988220215,"orthographic":false}