{"cameraMode":{"drawMode":0,"name":"Shaded","section":"Shading Mode"},"sceneLighting":false,"audioPlay":false,"sceneViewState":{"showFog":false,"showMaterialUpdate":false,"showSkybox":false,"showFlares":false,"showImageEffects":false,"showParticleSystems":false},"in2DMode":false,"pivot":{"x":-2.9673221111297609,"y":-0.6416386961936951,"z":-3.619149684906006},"rotation":{"x":0.15324999392032624,"y":0.570927083492279,"z":-0.10934533923864365,"w":0.7996485829353333},"size":6.2452392578125,"orthographic":false}