{"cameraMode":{"drawMode":0,"name":"Shaded","section":"Shading Mode"},"sceneLighting":false,"audioPlay":false,"sceneViewState":{"showFog":false,"showMaterialUpdate":false,"showSkybox":false,"showFlares":false,"showImageEffects":false,"showParticleSystems":false},"in2DMode":false,"pivot":{"x":-7.263134956359863,"y":-1.5327237844467164,"z":-2.423945665359497},"rotation":{"x":0.25372669100761416,"y":0.3989652097225189,"z":-0.11529246717691422,"w":0.8740748167037964},"size":6.3857951164245609,"orthographic":false}