{"cameraMode":{"drawMode":0,"name":"Shaded","section":"Shading Mode"},"sceneLighting":true,"audioPlay":false,"sceneViewState":{"showFog":false,"showMaterialUpdate":false,"showSkybox":false,"showFlares":false,"showImageEffects":false,"showParticleSystems":false},"in2DMode":false,"pivot":{"x":-3.181068181991577,"y":2.8627712726593019,"z":-9.463703155517579},"rotation":{"x":0.20477929711341859,"y":0.223006471991539,"z":-0.04796632379293442,"w":0.9523288607597351},"size":0.003893536049872637,"orthographic":false}