{"cameraMode":{"drawMode":0,"name":"Shaded","section":"Shading Mode"},"sceneLighting":false,"audioPlay":false,"sceneViewState":{"showFog":false,"showMaterialUpdate":false,"showSkybox":false,"showFlares":false,"showImageEffects":false,"showParticleSystems":false},"in2DMode":false,"pivot":{"x":-0.7479822039604187,"y":-2.366347074508667,"z":2.2056450843811037},"rotation":{"x":0.27623894810676577,"y":0.12693792581558228,"z":-0.03692236915230751,"w":0.9524158239364624},"size":5.829079627990723,"orthographic":false}